,upvote_ratio,ups,downs,score,compound,positive,negative,neutral
count,30.0,30.0,30.0,30.0,30.0,30.0,30.0,30.0
mean,0.492,11.1,0.0,11.1,0.24034000000000003,0.0578,0.0517,0.49039999999999995
std,0.11487324348587671,33.86927200585948,0.0,33.86927200585948,0.45074548870311154,0.07262772340433475,0.10891380647732088,0.4167490438108303
min,0.33,0.0,0.0,0.0,-0.4019,0.0,0.0,0.0
25%,0.44,0.0,0.0,0.0,0.0,0.0,0.0,0.0
50%,0.5,0.0,0.0,0.0,0.0,0.0,0.0,0.6815
75%,0.5,0.0,0.0,0.0,0.6597,0.133,0.036,0.838
max,0.79,111.0,0.0,111.0,0.9873,0.162,0.351,1.0
