,upvote_ratio,ups,downs,score,compound,positive,negative,neutral
count,40.0,40.0,40.0,40.0,40.0,40.0,40.0,40.0
mean,0.923,21.3,0.0,21.3,0.28441,0.0921,0.0419,0.5660000000000001
std,0.07897419247401696,44.369196984232666,0.0,44.369196984232666,0.5288440445794766,0.08607146702535885,0.09209187163106644,0.3802924650507277
min,0.8,1.0,0.0,1.0,-0.8738,0.0,0.0,0.0
25%,0.86,4.0,0.0,4.0,0.0,0.0,0.0,0.0
50%,0.9450000000000001,6.5,0.0,6.5,0.2935,0.0995,0.0,0.7505
75%,1.0,9.0,0.0,9.0,0.7823,0.183,0.038,0.876
max,1.0,152.0,0.0,152.0,0.9706,0.227,0.305,0.887
