,upvote_ratio,ups,downs,score,compound,positive,negative,neutral
count,24.0,24.0,24.0,24.0,24.0,24.0,24.0,24.0
mean,0.8850000000000001,20.5,0.0,20.5,0.113825,0.10599999999999998,0.078,0.816
std,0.09650411119875085,22.732853069855796,0.0,22.732853069855796,0.7326873123022506,0.0897096766628691,0.059528582831384826,0.14005651033406666
min,0.75,6.0,0.0,6.0,-0.9759,0.0,0.0,0.617
25%,0.825,7.5,0.0,7.5,-0.243975,0.057749999999999996,0.033,0.7505000000000001
50%,0.895,8.5,0.0,8.5,0.2288,0.0905,0.086,0.8235
75%,0.955,21.5,0.0,21.5,0.5866,0.13874999999999998,0.131,0.889
max,1.0,59.0,0.0,59.0,0.9736,0.243,0.14,1.0
