,upvote_ratio,ups,downs,score,compound,positive,negative,neutral
count,170.0,170.0,170.0,170.0,170.0,170.0,170.0,170.0
mean,0.6969999999999998,23.4,0.0,23.4,0.10418,0.056200000000000014,0.0573,0.3865
std,0.10690287578952684,25.310240694700408,0.0,25.310240694700408,0.4697197442917583,0.07748209184200577,0.11608045822215335,0.3930276086783624
min,0.5,0.0,0.0,0.0,-0.7717,0.0,0.0,0.0
25%,0.62,3.0,0.0,3.0,0.0,0.0,0.0,0.0
50%,0.69,14.5,0.0,14.5,0.0,0.0,0.0,0.3085
75%,0.76,34.0,0.0,34.0,0.2023,0.096,0.063,0.779
max,0.87,78.0,0.0,78.0,0.9598,0.224,0.383,0.904
