,upvote_ratio,ups,downs,score,compound,positive,negative,neutral
count,198.0,198.0,198.0,198.0,198.0,198.0,198.0,198.0
mean,0.8755555555555556,8.777777777777779,0.0,8.777777777777779,0.4635888888888889,0.08766666666666667,0.034444444444444444,0.6556666666666667
std,0.12406173526432873,10.319323508653799,0.0,10.319323508653799,0.47680127944350387,0.08000900964494863,0.04140875167367431,0.3636071679557933
min,0.67,1.0,0.0,1.0,-0.3939,0.0,0.0,0.0
25%,0.81,3.0,0.0,3.0,0.0,0.0,0.0,0.626
50%,0.85,4.0,0.0,4.0,0.7013,0.08,0.025,0.822
75%,1.0,5.0,0.0,5.0,0.9013,0.142,0.05,0.895
max,1.0,32.0,0.0,32.0,0.9881,0.243,0.131,0.961
