,upvote_ratio,ups,downs,score,compound,positive,negative,neutral
count,115.0,115.0,115.0,115.0,115.0,115.0,115.0,115.0
mean,0.9,19.6,0.0,19.6,-0.08714000000000002,0.0608,0.06020000000000001,0.4792
std,0.1366837815556435,12.996490754423847,0.0,12.996490754423847,0.6121616942972765,0.050985928571329386,0.0651108636204705,0.39449695260424383
min,0.64,1.0,0.0,1.0,-0.9557,0.0,0.0,0.0
25%,0.89,8.0,0.0,8.0,-0.3907,0.0,0.0,0.0
50%,0.97,24.0,0.0,24.0,0.0,0.082,0.03,0.756
75%,1.0,31.0,0.0,31.0,0.0,0.11,0.108,0.78
max,1.0,34.0,0.0,34.0,0.9107,0.112,0.163,0.86
