,upvote_ratio,ups,downs,score,compound,positive,negative,neutral
count,70.0,70.0,70.0,70.0,70.0,70.0,70.0,70.0
mean,0.723,16.8,0.0,16.8,0.03971,0.0036999999999999993,0.0017000000000000001,0.0946
std,0.16860338504690633,26.20631630910292,0.0,26.20631630910292,0.1199901555744579,0.011180145445114434,0.005136823582890416,0.2858491240831961
min,0.42,0.0,0.0,0.0,0.0,0.0,0.0,0.0
25%,0.56,1.0,0.0,1.0,0.0,0.0,0.0,0.0
50%,0.82,6.0,0.0,6.0,0.0,0.0,0.0,0.0
75%,0.87,19.0,0.0,19.0,0.0,0.0,0.0,0.0
max,0.88,89.0,0.0,89.0,0.3971,0.037,0.017,0.946
