,upvote_ratio,ups,downs,score,compound,positive,negative,neutral
count,190.0,190.0,190.0,190.0,190.0,190.0,190.0,190.0
mean,0.952,84.7,0.0,84.7,-0.08895,0.0035,0.0099,0.0866
std,0.032889103388403895,166.2288837685611,0.0,166.2288837685611,0.26755502104373646,0.010527741131569172,0.029778467772152796,0.2604863948553972
min,0.9,2.0,0.0,2.0,-0.8895,0.0,0.0,0.0
25%,0.92,9.0,0.0,9.0,0.0,0.0,0.0,0.0
50%,0.965,30.5,0.0,30.5,0.0,0.0,0.0,0.0
75%,0.97,58.0,0.0,58.0,0.0,0.0,0.0,0.0
max,1.0,578.0,0.0,578.0,0.0,0.035,0.099,0.866
