,upvote_ratio,ups,downs,score,compound,positive,negative,neutral
count,24.0,24.0,24.0,24.0,24.0,24.0,24.0,24.0
mean,0.87125,2.25,0.0,2.25,0.1066125,0.062,0.026125,0.536875
std,0.2788846184980136,1.5108304655560048,0.0,1.5108304655560048,0.4223106113344207,0.0633334858884509,0.036171466655362486,0.42600074632512697
min,0.17,0.0,0.0,0.0,-0.3681,0.0,0.0,0.0
25%,0.95,1.0,0.0,1.0,-0.08555,0.0,0.0,0.0
50%,1.0,2.5,0.0,2.5,0.0,0.05550000000000001,0.0,0.8195
75%,1.0,3.0,0.0,3.0,0.19619999999999999,0.0955,0.053500000000000006,0.8587499999999999
max,1.0,5.0,0.0,5.0,0.9838,0.189,0.085,0.913
