,upvote_ratio,ups,downs,score,compound,positive,negative,neutral
count,60.0,60.0,60.0,60.0,60.0,60.0,60.0,60.0
mean,0.85,5.0,0.0,5.0,0.0,0.0,0.0,0.25
std,0.15277101508744206,4.1579003827918175,0.0,4.1579003827918175,0.0,0.0,0.0,0.4366668823046865
min,0.67,2.0,0.0,2.0,0.0,0.0,0.0,0.0
25%,0.715,2.0,0.0,2.0,0.0,0.0,0.0,0.0
50%,0.865,3.0,0.0,3.0,0.0,0.0,0.0,0.0
75%,1.0,6.0,0.0,6.0,0.0,0.0,0.0,0.25
max,1.0,12.0,0.0,12.0,0.0,0.0,0.0,1.0
