,upvote_ratio,ups,downs,score,compound,positive,negative,neutral
count,10.0,10.0,10.0,10.0,10.0,10.0,10.0,10.0
mean,0.9650000000000001,25.5,0.0,25.5,0.3018,0.0705,0.0,0.4295
std,0.0052704627669473035,1.5811388300841898,0.0,1.5811388300841898,0.31812513261293895,0.0743135250139569,0.0,0.452732751680773
min,0.96,24.0,0.0,24.0,0.0,0.0,0.0,0.0
25%,0.96,24.0,0.0,24.0,0.0,0.0,0.0,0.0
50%,0.965,25.5,0.0,25.5,0.3018,0.0705,0.0,0.4295
75%,0.97,27.0,0.0,27.0,0.6036,0.141,0.0,0.859
max,0.97,27.0,0.0,27.0,0.6036,0.141,0.0,0.859
