,upvote_ratio,ups,downs,score,compound,positive,negative,neutral
count,54.0,54.0,54.0,54.0,54.0,54.0,54.0,54.0
mean,0.9433333333333335,11.333333333333334,0.0,11.333333333333334,0.0,0.0,0.0,0.0
std,0.05487550231858458,4.269240575833087,0.0,4.269240575833087,0.0,0.0,0.0,0.0
min,0.84,4.0,0.0,4.0,0.0,0.0,0.0,0.0
25%,0.93,10.0,0.0,10.0,0.0,0.0,0.0,0.0
50%,0.9450000000000001,11.0,0.0,11.0,0.0,0.0,0.0,0.0
75%,1.0,14.0,0.0,14.0,0.0,0.0,0.0,0.0
max,1.0,18.0,0.0,18.0,0.0,0.0,0.0,0.0
