,upvote_ratio,ups,downs,score,compound,positive,negative,neutral
count,80.0,80.0,80.0,80.0,80.0,80.0,80.0,80.0
mean,0.9359999999999999,42.8,0.0,42.8,0.26467999999999997,0.06160000000000001,0.054200000000000005,0.7841
std,0.041295477424243464,38.41096889751116,0.0,38.41096889751116,0.5338679679376478,0.058619044730047344,0.07107535669353988,0.2724461902509897
min,0.87,10.0,0.0,10.0,-0.7964,0.0,0.0,0.0
25%,0.9,15.0,0.0,15.0,0.0,0.0,0.0,0.803
50%,0.94,33.5,0.0,33.5,0.5172,0.0535,0.041,0.847
75%,0.97,53.0,0.0,53.0,0.692,0.114,0.061,0.937
max,1.0,145.0,0.0,145.0,0.8541,0.154,0.237,1.0
