,upvote_ratio,ups,downs,score,compound,positive,negative,neutral
count,110.0,110.0,110.0,110.0,110.0,110.0,110.0,110.0
mean,0.7360000000000001,47.7,0.0,47.7,0.40792,0.0875,0.0289,0.3836
std,0.1503646942749649,84.28278634095159,0.0,84.28278634095159,0.44968371755586445,0.10019135361621552,0.03818039027871326,0.39143912786752433
min,0.44,0.0,0.0,0.0,0.0,0.0,0.0,0.0
25%,0.67,2.0,0.0,2.0,0.0,0.0,0.0,0.0
50%,0.77,4.0,0.0,4.0,0.1491,0.026,0.0,0.3405
75%,0.83,49.0,0.0,49.0,0.9294,0.2,0.066,0.757
max,0.94,266.0,0.0,266.0,0.9969,0.248,0.104,0.948
