,upvote_ratio,ups,downs,score,compound,positive,negative,neutral
count,84.0,84.0,84.0,84.0,84.0,84.0,84.0,84.0
mean,0.8857142857142858,20.0,0.0,20.0,0.2711857142857143,0.0592857142857143,0.002142857142857143,0.51
std,0.11135837852698083,12.25039955089737,0.0,12.25039955089737,0.3416995443202117,0.07561356597677835,0.005280431839639718,0.4476224743219137
min,0.67,8.0,0.0,8.0,0.0,0.0,0.0,0.0
25%,0.78,9.0,0.0,9.0,0.0,0.0,0.0,0.0
50%,0.91,16.0,0.0,16.0,0.0,0.0,0.0,0.816
75%,0.97,33.0,0.0,33.0,0.6046,0.158,0.0,0.912
max,1.0,42.0,0.0,42.0,0.8918,0.184,0.015,1.0
