,upvote_ratio,ups,downs,score,compound,positive,negative,neutral
count,60.0,60.0,60.0,60.0,60.0,60.0,60.0,60.0
mean,0.551,62.4,0.0,62.4,0.28493,0.05190000000000001,0.0035,0.44460000000000005
std,0.13867044214764632,185.76048000638724,0.0,185.76048000638724,0.43951052755367354,0.08393999067130223,0.00782759135626522,0.45367475843458377
min,0.38,0.0,0.0,0.0,0.0,0.0,0.0,0.0
25%,0.4,0.0,0.0,0.0,0.0,0.0,0.0,0.0
50%,0.5349999999999999,0.5,0.0,0.5,0.0,0.0,0.0,0.39
75%,0.63,2.0,0.0,2.0,0.8922,0.11,0.0,0.88
max,0.83,615.0,0.0,615.0,0.9888,0.22,0.025,1.0
