,upvote_ratio,ups,downs,score,compound,positive,negative,neutral
count,3.0,3.0,3.0,3.0,3.0,3.0,3.0,3.0
mean,1.0,2.0,0.0,2.0,0.0,0.0,0.0,0.3333333333333333
std,0.0,0.0,0.0,0.0,0.0,0.0,0.0,0.5773502691896258
min,1.0,2.0,0.0,2.0,0.0,0.0,0.0,0.0
25%,1.0,2.0,0.0,2.0,0.0,0.0,0.0,0.0
50%,1.0,2.0,0.0,2.0,0.0,0.0,0.0,0.0
75%,1.0,2.0,0.0,2.0,0.0,0.0,0.0,0.5
max,1.0,2.0,0.0,2.0,0.0,0.0,0.0,1.0
