,upvote_ratio,ups,downs,score,compound,positive,negative,neutral
count,90.0,90.0,90.0,90.0,90.0,90.0,90.0,90.0
mean,0.7260000000000001,7.9,0.0,7.9,0.35086,0.0792,0.018,0.5029
std,0.11432066078861715,9.155399953830894,0.0,9.155399953830894,0.32758410938124133,0.09883367028509299,0.025932063360102283,0.4192171154516958
min,0.5,0.0,0.0,0.0,0.0,0.0,0.0,0.0
25%,0.66,1.0,0.0,1.0,0.0,0.0,0.0,0.0
50%,0.75,2.5,0.0,2.5,0.3714,0.0605,0.0,0.7275
75%,0.82,15.0,0.0,15.0,0.6479,0.101,0.028,0.889
max,0.86,28.0,0.0,28.0,0.9483,0.334,0.072,0.946
