,upvote_ratio,ups,downs,score,compound,positive,negative,neutral
count,20.0,20.0,20.0,20.0,20.0,20.0,20.0,20.0
mean,0.9375,134.25,0.0,134.25,0.44762499999999994,0.09475,0.00575,0.6497499999999999
std,0.07587212233336046,144.65453401302815,0.0,144.65453401302815,0.4636547625289634,0.1088489416818701,0.010218018141344343,0.39606111636303915
min,0.81,3.0,0.0,3.0,0.0,0.0,0.0,0.0
25%,0.93,34.5,0.0,34.5,0.0,0.0,0.0,0.55725
50%,0.975,83.5,0.0,83.5,0.4037,0.061,0.0,0.7995
75%,0.9824999999999999,183.25,0.0,183.25,0.851325,0.15575,0.00575,0.892
max,0.99,367.0,0.0,367.0,0.9831,0.257,0.023,1.0
