,upvote_ratio,ups,downs,score,compound,positive,negative,neutral
count,30.0,30.0,30.0,30.0,30.0,30.0,30.0,30.0
mean,0.831,22.7,0.0,22.7,0.15494,0.06120000000000001,0.0351,0.6037
std,0.11977997069339409,32.85721460690388,0.0,32.85721460690388,0.48247704008263076,0.06412670647053863,0.04593274693918611,0.4091932474920663
min,0.58,2.0,0.0,2.0,-0.8859,0.0,0.0,0.0
25%,0.75,4.0,0.0,4.0,0.0,0.0,0.0,0.0
50%,0.885,6.5,0.0,6.5,0.0,0.0475,0.0,0.788
75%,0.92,21.0,0.0,21.0,0.418,0.124,0.071,0.849
max,0.96,109.0,0.0,109.0,0.9885,0.151,0.123,1.0
