,upvote_ratio,ups,downs,score,compound,positive,negative,neutral
count,160.0,160.0,160.0,160.0,160.0,160.0,160.0,160.0
mean,0.635,53.7,0.0,53.7,0.22694999999999999,0.0702,0.0137,0.2162
std,0.1193061702685613,85.08263094222178,0.0,85.08263094222178,0.3744349853298884,0.11507879717718823,0.03199386733687898,0.3364745974319327
min,0.38,0.0,0.0,0.0,0.0,0.0,0.0,0.0
25%,0.56,5.0,0.0,5.0,0.0,0.0,0.0,0.0
50%,0.635,7.0,0.0,7.0,0.0,0.0,0.0,0.0
75%,0.74,56.0,0.0,56.0,0.4019,0.13,0.0,0.624
max,0.77,257.0,0.0,257.0,0.9714,0.3,0.105,0.87
