,upvote_ratio,ups,downs,score,compound,positive,negative,neutral
count,90.0,90.0,90.0,90.0,90.0,90.0,90.0,90.0
mean,0.57,42.1,0.0,42.1,0.19477000000000003,0.0589,0.0425,0.39859999999999995
std,0.14341736061524313,104.04504750401318,0.0,104.04504750401318,0.5543427503090708,0.06951243523057866,0.06298996709838942,0.40506608699255564
min,0.4,0.0,0.0,0.0,-0.9233,0.0,0.0,0.0
25%,0.45,0.0,0.0,0.0,0.0,0.0,0.0,0.0
50%,0.5549999999999999,1.0,0.0,1.0,0.0,0.0245,0.0115,0.344
75%,0.68,30.0,0.0,30.0,0.8747,0.128,0.049,0.822
max,0.83,350.0,0.0,350.0,0.9734,0.199,0.2,0.911
