,upvote_ratio,ups,downs,score,compound,positive,negative,neutral
count,110.0,110.0,110.0,110.0,110.0,110.0,110.0,110.0
mean,0.538,10.2,0.0,10.2,0.15724000000000002,0.0596,0.0402,0.7002999999999999
std,0.05349783499006154,13.735910212206475,0.0,13.735910212206475,0.29574702126506025,0.057886982580659524,0.04392838208144682,0.36173327773400044
min,0.45,0.0,0.0,0.0,-0.1682,0.0,0.0,0.0
25%,0.5,0.0,0.0,0.0,0.0,0.0,0.0,0.687
50%,0.53,1.0,0.0,1.0,0.0,0.07300000000000001,0.031,0.8534999999999999
75%,0.6,15.0,0.0,15.0,0.3818,0.089,0.067,0.911
max,0.63,37.0,0.0,37.0,0.7155,0.186,0.127,1.0
