,upvote_ratio,ups,downs,score,compound,positive,negative,neutral
count,2.0,2.0,2.0,2.0,2.0,2.0,2.0,2.0
mean,0.905,4.0,0.0,4.0,-0.05035,0.028,0.0345,0.4375
std,0.134350288425444,1.4142135623730951,0.0,1.4142135623730951,0.07120565286548533,0.03959797974644667,0.04879036790187178,0.6187184335382291
min,0.81,3.0,0.0,3.0,-0.1007,0.0,0.0,0.0
25%,0.8575,3.5,0.0,3.5,-0.075525,0.014,0.01725,0.21875
50%,0.905,4.0,0.0,4.0,-0.05035,0.028,0.0345,0.4375
75%,0.9525,4.5,0.0,4.5,-0.025175,0.042,0.051750000000000004,0.65625
max,1.0,5.0,0.0,5.0,0.0,0.056,0.069,0.875
