,upvote_ratio,ups,downs,score,compound,positive,negative,neutral
count,5.0,5.0,5.0,5.0,5.0,5.0,5.0,5.0
mean,0.9800000000000001,42.0,0.0,42.0,0.0,0.0,0.0,0.0
std,1.2412670766236366e-16,0.0,0.0,0.0,0.0,0.0,0.0,0.0
min,0.98,42.0,0.0,42.0,0.0,0.0,0.0,0.0
25%,0.98,42.0,0.0,42.0,0.0,0.0,0.0,0.0
50%,0.98,42.0,0.0,42.0,0.0,0.0,0.0,0.0
75%,0.98,42.0,0.0,42.0,0.0,0.0,0.0,0.0
max,0.98,42.0,0.0,42.0,0.0,0.0,0.0,0.0
