,near,terra,crypto_choice_avg,inflation_headlinese_avg,energy_consumption_avg
near,1.0,-0.17662763867192627,0.33469897382514496,0.1836581912883028,-0.3606471297004631
terra,-0.17662763867192627,1.0,-0.14398565399322028,-0.011913541250046629,-0.033385377748046625
crypto_choice_avg,0.33469897382514496,-0.14398565399322028,1.0,0.3369950291652001,-0.007461034300341183
inflation_headlinese_avg,0.1836581912883028,-0.011913541250046629,0.3369950291652001,1.0,0.032659432142195174
energy_consumption_avg,-0.3606471297004631,-0.033385377748046625,-0.007461034300341183,0.032659432142195174,1.0
